audit_id,timestamp,action,document_id,document_type,actor_id,actor_role,outcome
aud-4aaa0511f11f40,2026-02-09T19:49:40.377578+00:00,delete,inv-c99fcbeb,cv,user-002,recruiter,success
aud-6b4f07c773954b,2025-05-17T19:49:40.377592+00:00,extract,cv-01b1f6e7,invoice,recruiter-01,system,success
aud-544ba08f016143,2025-09-18T19:49:40.377599+00:00,delete,cv-31853c3f,invoice,user-002,user,success
aud-f0e57a88c6b84c,2025-10-19T19:49:40.377605+00:00,delete,cv-2ec42f28,invoice,system,recruiter,success
aud-245cae763a374b,2025-10-19T19:49:40.377612+00:00,manual_review,cv-865897f7,invoice,user-001,recruiter,success
aud-ff75539098a849,2025-12-27T19:49:40.377619+00:00,upload,cv-f2ed8042,cv,system,recruiter,success
aud-f172840990304a,2025-08-23T19:49:40.377626+00:00,extract,cv-5d731a58,invoice,system,user,success
aud-53be4854d3a64b,2026-05-11T19:49:40.377633+00:00,manual_review,inv-210aa010,invoice,system,admin,success
aud-e6716c6ac1594a,2025-06-05T19:49:40.377639+00:00,delete,inv-294203a0,invoice,system,recruiter,success
aud-3a00a58816cf4e,2025-11-25T19:49:40.377645+00:00,consent_grant,inv-2e155d2c,invoice,user-002,admin,success
aud-4a9716de77db4d,2025-10-29T19:49:40.377651+00:00,view,inv-21fda9b2,cv,recruiter-01,user,success
aud-4b0872a1ba354d,2026-01-24T19:49:40.377656+00:00,consent_grant,inv-c2179146,cv,recruiter-01,admin,success
aud-33dfed613b7a4a,2026-01-22T19:49:40.377662+00:00,manual_review,inv-fa3b30cb,invoice,user-001,recruiter,success
aud-e491afeecfbf4b,2025-06-21T19:49:40.377668+00:00,review_approved,cv-3527d68c,invoice,system,system,success
aud-8d27041e7e6b4a,2026-02-25T19:49:40.377686+00:00,upload,cv-6eba295c,cv,admin-01,user,success
aud-ad23a2fd016b42,2025-06-23T19:49:40.377697+00:00,review_approved,cv-7aebd18d,cv,recruiter-01,admin,success
aud-703a863d2b5b42,2025-06-10T19:49:40.377705+00:00,upload,inv-47f63a83,invoice,recruiter-01,system,success
aud-ecc9080f1f2646,2025-05-20T19:49:40.377711+00:00,manual_review,inv-7c3573ca,invoice,user-001,admin,success
aud-d431311402dc46,2025-09-16T19:49:40.377718+00:00,manual_review,inv-966507b7,cv,recruiter-01,admin,success
aud-6db027e77a684f,2025-08-04T19:49:40.377724+00:00,dsr_received,inv-5fdc2d47,cv,recruiter-01,recruiter,success
aud-64d5c2e35c024e,2025-06-19T19:49:40.377731+00:00,mask_pii,inv-b19541fa,cv,user-002,recruiter,success
aud-70dea14865da46,2025-05-11T19:49:40.377737+00:00,mask_pii,cv-45b2d5e7,cv,system,user,success
aud-05bf295e04d840,2026-01-13T19:49:40.377744+00:00,consent_grant,inv-4fc12e8d,invoice,user-001,admin,success
aud-9e54d12796c44b,2025-08-07T19:49:40.377750+00:00,dsr_received,inv-c9c0655e,invoice,recruiter-01,admin,success
aud-a4cb523c3fdc48,2025-07-16T19:49:40.377756+00:00,upload,inv-38fc910b,cv,recruiter-01,user,success
aud-c9690658d90940,2025-12-10T19:49:40.377763+00:00,consent_grant,inv-e7e832f2,cv,admin-01,system,success
aud-ef1304eef92a44,2025-12-23T19:49:40.377769+00:00,consent_grant,inv-b19be9bd,cv,system,admin,success
aud-567a7b8c907845,2025-09-14T19:49:40.377775+00:00,view,inv-36cec079,invoice,recruiter-01,user,success
aud-7fbca70e7be948,2025-10-04T19:49:40.377780+00:00,view,inv-6bf992b4,invoice,user-001,recruiter,success
aud-3a24de7775884f,2026-01-23T19:49:40.377786+00:00,dsr_received,cv-1670d167,cv,system,admin,success
aud-a3923fe37f694d,2026-03-31T19:49:40.377792+00:00,dsr_received,cv-06e53912,invoice,system,system,success
aud-0b1ef9deec254f,2025-06-12T19:49:40.377798+00:00,upload,inv-00b7b6c8,invoice,user-002,user,success
aud-30528c867e4345,2026-01-09T19:49:40.377805+00:00,view,inv-fa3e7da7,invoice,admin-01,system,success
aud-cb15114034d141,2025-12-31T19:49:40.377813+00:00,delete,cv-7ba8b498,invoice,user-002,recruiter,success
aud-c1d7e0b811dc4a,2026-04-28T19:49:40.377819+00:00,mask_pii,inv-bd25dccf,cv,recruiter-01,system,success
aud-45a5244ffb5f4b,2025-05-23T19:49:40.377825+00:00,export,cv-c0d4c9d9,cv,admin-01,user,success
aud-fa6a0f1effb24a,2025-07-26T19:49:40.377831+00:00,upload,cv-48b60d69,cv,system,user,success
aud-59e797b4dc6942,2025-11-18T19:49:40.377836+00:00,upload,inv-b169be5b,cv,user-001,admin,success
aud-fd30813bdb9f40,2025-06-20T19:49:40.377842+00:00,dsr_received,inv-ff4b8a02,cv,user-002,recruiter,success
aud-f2a56e1d9c0440,2025-08-09T19:49:40.377848+00:00,dsr_received,inv-52f85d09,cv,system,system,success
aud-83b2733af41a48,2026-03-28T19:49:40.377854+00:00,mask_pii,inv-f4ad676e,invoice,recruiter-01,admin,success
aud-5e513baf0ee341,2025-08-31T19:49:40.377860+00:00,delete,cv-9cc1505b,invoice,system,recruiter,success
aud-7dbcea6f9c944e,2025-07-10T19:49:40.377865+00:00,mask_pii,inv-0ab2870f,invoice,user-001,system,success
aud-992300ddb41649,2025-09-03T19:49:40.377873+00:00,manual_review,inv-614cd422,cv,recruiter-01,admin,success
aud-f0da586821814d,2026-03-25T19:49:40.377878+00:00,mask_pii,cv-62da2a35,invoice,system,recruiter,success
aud-6c808cbfc80f4d,2025-08-13T19:49:40.377890+00:00,delete,inv-1be6fe05,cv,system,admin,success
aud-725cf9a4206e45,2026-01-03T19:49:40.377898+00:00,export,cv-c65f3a2f,invoice,system,user,success
aud-557f4f701f5043,2025-05-23T19:49:40.377905+00:00,view,cv-21e7ae64,cv,system,recruiter,success
aud-4f99dff0168a4a,2026-02-01T19:49:40.377920+00:00,mask_pii,cv-8bcd790d,invoice,system,user,success
aud-2f6abc2d74c343,2026-03-08T19:49:40.377927+00:00,mask_pii,cv-ba36d436,invoice,admin-01,recruiter,success
aud-1d7eb3d38c6a4a,2026-03-08T19:49:40.377933+00:00,dsr_received,cv-35b0a805,invoice,admin-01,recruiter,success
aud-027765e50bfd48,2025-09-28T19:49:40.377939+00:00,delete,cv-1202c561,invoice,system,admin,success
aud-230e7cbccbd549,2026-04-08T19:49:40.377946+00:00,consent_grant,inv-5477ed2e,invoice,user-002,system,success
aud-6ada2d51e66748,2025-12-07T19:49:40.377952+00:00,extract,inv-ba0b1288,invoice,admin-01,admin,success
aud-f6527fde21104d,2025-06-29T19:49:40.377958+00:00,export,inv-491d0427,cv,recruiter-01,admin,success
aud-70aec1398dab41,2025-07-14T19:49:40.377965+00:00,consent_grant,cv-c3e91bb5,invoice,admin-01,user,success
aud-b756dd9560cc43,2026-01-25T19:49:40.377971+00:00,export,cv-c0f39bdb,invoice,user-002,system,success
aud-1381e4ba571644,2026-04-03T19:49:40.377977+00:00,view,cv-d625604f,cv,admin-01,admin,success
aud-dab6f9c671c343,2026-01-13T19:49:40.377984+00:00,mask_pii,inv-23fb9658,cv,user-001,system,success
aud-d0ed747bda9044,2025-06-25T19:49:40.377990+00:00,review_approved,inv-332fc224,invoice,recruiter-01,user,success
aud-d6b081da62c449,2025-06-14T19:49:40.377999+00:00,view,inv-e6877e32,invoice,user-001,user,success
aud-fb87ca5d4dfd47,2025-12-05T19:49:40.378005+00:00,review_approved,inv-b503ac61,cv,recruiter-01,user,success
aud-08ea21c348394c,2025-12-07T19:49:40.378011+00:00,consent_grant,inv-e70a2096,cv,recruiter-01,user,success
aud-7376f2ee99254b,2025-10-02T19:49:40.378017+00:00,delete,inv-7dabd66b,invoice,user-001,system,success
aud-033f64169fd944,2025-07-21T19:49:40.378023+00:00,review_approved,inv-654783b1,cv,admin-01,user,success
aud-1e772d9ad1fe41,2026-02-11T19:49:40.378032+00:00,dsr_received,inv-0eb65767,cv,system,system,success
aud-215add3daec943,2025-09-30T19:49:40.378038+00:00,dsr_received,inv-868faa52,cv,system,admin,success
aud-d8e24370b62d42,2025-06-02T19:49:40.378044+00:00,extract,inv-e41b832f,cv,recruiter-01,admin,success
aud-e8021b2724fe49,2025-10-18T19:49:40.378051+00:00,manual_review,cv-51ed4baa,invoice,system,recruiter,success
aud-7eeb2d563f864c,2025-10-17T19:49:40.378057+00:00,manual_review,inv-06f71d7d,invoice,admin-01,admin,success
aud-9a12f8fd2dfc43,2026-02-04T19:49:40.378064+00:00,manual_review,cv-b06af4ad,cv,recruiter-01,user,success
aud-bc269628f9fe4b,2025-08-03T19:49:40.378070+00:00,view,inv-d23eb9f8,cv,recruiter-01,user,failure
aud-a3dc1f2a02b340,2025-06-23T19:49:40.378076+00:00,review_approved,inv-9459c0e0,invoice,system,user,success
aud-644d7912edb64b,2026-03-25T19:49:40.378084+00:00,export,inv-83ba5a0c,invoice,recruiter-01,user,success
aud-f56ab6d24ea44f,2026-02-22T19:49:40.378091+00:00,dsr_received,inv-b96584a7,cv,admin-01,recruiter,success
aud-73f7ce59b26749,2025-09-06T19:49:40.378097+00:00,dsr_received,cv-936ed6bf,invoice,recruiter-01,system,success
aud-ed5186c1d67740,2025-08-24T19:49:40.378104+00:00,view,inv-957a6807,cv,recruiter-01,recruiter,success
aud-35f4e9f5de3e40,2025-08-25T19:49:40.378111+00:00,mask_pii,inv-93179206,cv,system,admin,success
aud-d16e228f9d854d,2025-09-25T19:49:40.378117+00:00,manual_review,inv-63627e3a,cv,admin-01,admin,success
aud-14183f636d7844,2025-11-28T19:49:40.378122+00:00,export,inv-560f6211,invoice,admin-01,admin,success
aud-398c0c89eeea41,2025-10-13T19:49:40.378128+00:00,upload,cv-556398bb,cv,recruiter-01,admin,success
aud-29d553bf1e2f4a,2025-06-12T19:49:40.378134+00:00,view,inv-aa4ec95f,invoice,user-002,recruiter,success
aud-21222777aa744a,2025-09-28T19:49:40.378139+00:00,extract,inv-d915e83c,cv,user-001,system,success
aud-018c457c57814c,2025-06-10T19:49:40.378145+00:00,view,cv-ef6ac108,cv,system,admin,success
aud-be1573d6b55049,2025-11-24T19:49:40.378152+00:00,manual_review,cv-bbef09c7,cv,recruiter-01,user,success
aud-b997e66b34af4a,2026-01-11T19:49:40.378158+00:00,mask_pii,inv-8566ff92,invoice,recruiter-01,user,success
aud-47f9f733e6454d,2025-05-16T19:49:40.378168+00:00,extract,inv-1902a70c,cv,user-001,user,success
aud-65f8ce7a78704f,2026-04-13T19:49:40.378174+00:00,mask_pii,cv-df5bd79e,cv,user-002,system,success
aud-30814c7b89f34f,2025-07-26T19:49:40.378179+00:00,view,cv-30499863,invoice,admin-01,admin,success
aud-551858c689214c,2026-01-08T19:49:40.378185+00:00,dsr_received,inv-d71a53a0,invoice,user-002,admin,success
aud-e5927ea0da484d,2025-09-18T19:49:40.378192+00:00,mask_pii,inv-dd7f84ce,cv,system,system,success
aud-cf692c1bb55744,2025-11-16T19:49:40.378198+00:00,review_approved,cv-5c0eab57,cv,system,admin,success
aud-23f83b5486464e,2026-01-30T19:49:40.378203+00:00,consent_grant,inv-8abea411,invoice,user-002,admin,success
aud-bad149e6450544,2025-07-21T19:49:40.378209+00:00,mask_pii,inv-2c6b31f7,cv,user-001,admin,success
aud-53ce105e181d49,2025-07-26T19:49:40.378215+00:00,upload,inv-613c7ec3,cv,system,system,success
aud-e13b2870f03644,2025-11-12T19:49:40.378221+00:00,export,inv-6a55fd69,cv,user-002,user,success
aud-27d5d0e0d13141,2025-06-15T19:49:40.378227+00:00,upload,cv-7569231d,cv,user-001,recruiter,success
aud-3c860f5403034a,2026-03-26T19:49:40.378232+00:00,mask_pii,cv-f4139a80,cv,user-002,system,success
aud-447c26240ad14e,2025-08-08T19:49:40.378238+00:00,delete,inv-6f6372ee,cv,user-002,recruiter,success
aud-89c66795469d4e,2025-09-07T19:49:40.378246+00:00,mask_pii,inv-9d1e941a,cv,user-001,admin,success
